language,hit_count,unique_feature_count,unique_book_count,avg_score,max_score
cuv,855,170,56,0.5979072763625731,0.6857257
esv,855,170,60,0.5814085837426901,0.6625457
